{
  "model": "yolov8-base",
  "params_M": 3.011043,
  "FPS": 191.4675742990074,
  "latency_ms": 5.222816467285156,
  "AP@[.5:.95]": 0.10414915872321612,
  "AP@.5": 0.2695265648356608,
  "AP@.75": 0.06039059262687348,
  "AP_small": 0.07282696394451899,
  "AP_medium": 0.36972565740859803,
  "AP_large": 0.513818796412154,
  "AR@1": 0.012734643196260317,
  "AR@10": 0.06945803812723686,
  "AR@100": 0.1526769410561683,
  "AR_small": 0.12221686165721868,
  "AR_medium": 0.4497928748964375,
  "AR_large": 0.6031578947368421
}
