{
  "model": "yolov11",
  "params_M": 2.590035,
  "FPS": 128.95294050731957,
  "latency_ms": 7.754766941070557,
  "AP@[.5:.95]": 0.10487673940654241,
  "AP@.5": 0.2743209465374226,
  "AP@.75": 0.05917205500850665,
  "AP_small": 0.07504450333594789,
  "AP_medium": 0.3749728078675923,
  "AP_large": 0.5286388826293859,
  "AR@1": 0.012833248119202398,
  "AR@10": 0.0720838507048426,
  "AR@100": 0.15647505660652983,
  "AR_small": 0.12571060989828325,
  "AR_medium": 0.45650372825186414,
  "AR_large": 0.623157894736842
}
