{
  "model": "yolov8s",
  "params_M": 11.135987,
  "FPS": 185.05920671212363,
  "latency_ms": 5.4036760330200195,
  "AP@[.5:.95]": 0.11936699411620964,
  "AP@.5": 0.2997696319979994,
  "AP@.75": 0.07475199252607943,
  "AP_small": 0.08929052345369885,
  "AP_medium": 0.3924798522525997,
  "AP_large": 0.5579265756003147,
  "AR@1": 0.013786429040975823,
  "AR@10": 0.07845665035424733,
  "AR@100": 0.17208385070484258,
  "AR_small": 0.1415269569412616,
  "AR_medium": 0.4691383595691798,
  "AR_large": 0.6494736842105263
}
