{
  "model": "yolov8-p2",
  "params_M": 2.926692,
  "FPS": 150.01913553178537,
  "latency_ms": 6.665816307067871,
  "AP@[.5:.95]": 0.12601626243753683,
  "AP@.5": 0.32299724254418277,
  "AP@.75": 0.07188030889908913,
  "AP_small": 0.09595325782519522,
  "AP_medium": 0.3711549448991324,
  "AP_large": 0.4545015296415387,
  "AR@1": 0.013603827331823826,
  "AR@10": 0.08080125629975896,
  "AR@100": 0.18892338032283978,
  "AR_small": 0.1619868934185663,
  "AR_medium": 0.4530240265120134,
  "AR_large": 0.5652631578947368
}