{
  "model": "yolov8-SE",
  "params_M": 3.032547,
  "FLOPs_G": 4.098121536,
  "FPS": 136.9316028226629,
  "latency_ms": 7.302916049957275,
  "AP@[.5:.95]": 0.09561839601013798,
  "AP@.5": 0.24661683442874754,
  "AP@.75": 0.05475145945696121,
  "AP_small": 0.06674625366019145,
  "AP_medium": 0.34881620907146443,
  "AP_large": 0.4731343075376441,
  "AR@1": 0.012227010444817764,
  "AR@10": 0.06640858958439852,
  "AR@100": 0.14408370462347528,
  "AR_small": 0.11468660796847988,
  "AR_medium": 0.43106876553438267,
  "AR_large": 0.576842105263158
}
