{
  "config": {
    "model": "v8_trained.pt",
    "split": "val",
    "use_sahi": true,
    "slice_size": 640,
    "overlap_ratio": 0.4,
    "imgsz": 640,
    "conf_threshold": 0.4,
    "iou_threshold": 0.5,
    "num_images": 548
  },
  "metrics": {
    "mAP50-95": 0.2183191907410728,
    "mAP50": 0.49020979644238954,
    "mAP75": 0.15416539222689216,
    "mAPs": 0.19832395993388588,
    "mAPm": 0.3651667341110968,
    "mAPl": 0.47313460997754486,
    "AR@1": 0.02197723530675066,
    "AR@10": 0.15512921468966995,
    "AR@100": 0.2758751521225571,
    "ARs": 0.25445584551991596,
    "ARm": 0.44315856777493606,
    "ARl": 0.5535714285714286,
    "mAP50s": 0.49020979644238954,
    "mAP50m": 0.703024801651989,
    "mAP50l": 0.7128712871287128,
    "fps": 6.083618960823082,
    "avg_inference_time_ms": 164.37584379293625
  }
}