{
  "config": {
    "model": "v8_trained.pt",
    "split": "val",
    "use_sahi": true,
    "slice_size": 640,
    "overlap_ratio": 0.2,
    "imgsz": 640,
    "conf_threshold": 0.4,
    "iou_threshold": 0.5,
    "num_images": 548
  },
  "metrics": {
    "mAP50-95": 0.21813965345550945,
    "mAP50": 0.4897154312568356,
    "mAP75": 0.1554933320776894,
    "mAPs": 0.1982458541204645,
    "mAPm": 0.36587468177188837,
    "mAPl": 0.4770950060171488,
    "AR@1": 0.021941441763905795,
    "AR@10": 0.15553010236953252,
    "AR@100": 0.2759252630825399,
    "ARs": 0.25419730144623087,
    "ARm": 0.44565217391304346,
    "ARl": 0.5571428571428572,
    "mAP50s": 0.4897154312568356,
    "mAP50m": 0.7022514733286499,
    "mAP50l": 0.7524752475247525,
    "fps": 6.594014472540629,
    "avg_inference_time_ms": 151.65268504706614
  }
}
