{
  "config": {
    "model": "v8_trained.pt",
    "split": "val",
    "use_sahi": true,
    "slice_size": 256,
    "overlap_ratio": 0.2,
    "imgsz": 640,
    "conf_threshold": 0.4,
    "iou_threshold": 0.5,
    "num_images": 548
  },
  "metrics": {
    "mAP50-95": 0.1789488888105507,
    "mAP50": 0.41750799378314357,
    "mAP75": 0.1168923783501207,
    "mAPs": 0.15708844200368285,
    "mAPm": 0.34253136618764135,
    "mAPl": 0.49053765150951184,
    "AR@1": 0.020509700050110963,
    "AR@10": 0.13708926909585512,
    "AR@100": 0.24305963204237951,
    "ARs": 0.21981901914842047,
    "ARm": 0.4234015345268542,
    "ARl": 0.5464285714285714,
    "mAP50s": 0.41750799378314357,
    "mAP50m": 0.6694111486979372,
    "mAP50l": 0.7128712871287128,
    "fps": 3.766626781675103,
    "avg_inference_time_ms": 265.48953691538236
  }
}
