{
  "config": {
    "model": "v8_trained.pt",
    "split": "val",
    "use_sahi": true,
    "slice_size": 512,
    "overlap_ratio": 0.4,
    "imgsz": 640,
    "conf_threshold": 0.4,
    "iou_threshold": 0.5,
    "num_images": 548
  },
  "metrics": {
    "mAP50-95": 0.22911486690325275,
    "mAP50": 0.5180066377096987,
    "mAP75": 0.16032991296658858,
    "mAPs": 0.2119884449341827,
    "mAPm": 0.35260844543374076,
    "mAPl": 0.4735674747925921,
    "AR@1": 0.021841219843940156,
    "AR@10": 0.15841506192282911,
    "AR@100": 0.29730116686949676,
    "ARs": 0.27908216853841805,
    "ARm": 0.43951406649616376,
    "ARl": 0.55,
    "mAP50s": 0.5180066377096987,
    "mAP50m": 0.6966672573459236,
    "mAP50l": 0.7821782178217822,
    "fps": 5.521060987692157,
    "avg_inference_time_ms": 181.12460670680025
  }
}