{
  "config": {
    "model": "v8_trained.pt",
    "split": "val",
    "use_sahi": true,
    "slice_size": 256,
    "overlap_ratio": 0.1,
    "imgsz": 640,
    "conf_threshold": 0.4,
    "iou_threshold": 0.5,
    "num_images": 548
  },
  "metrics": {
    "mAP50-95": 0.17935223040631088,
    "mAP50": 0.41983488720293843,
    "mAP75": 0.11740656986298721,
    "mAPs": 0.15531129820644554,
    "mAPm": 0.34817204196899215,
    "mAPl": 0.49053765150951184,
    "AR@1": 0.02100365094137018,
    "AR@10": 0.13818455150690817,
    "AR@100": 0.24155630324289504,
    "ARs": 0.2178557000888745,
    "ARm": 0.4257672634271099,
    "ARl": 0.5464285714285714,
    "mAP50s": 0.41983488720293843,
    "mAP50m": 0.681082666549199,
    "mAP50l": 0.7128712871287128,
    "fps": 4.205734572592457,
    "avg_inference_time_ms": 237.77059220919645
  }
}
