{
  "config": {
    "model": "v8_trained.pt",
    "split": "val",
    "use_sahi": true,
    "slice_size": 320,
    "overlap_ratio": 0.1,
    "imgsz": 640,
    "conf_threshold": 0.4,
    "iou_threshold": 0.5,
    "num_images": 548
  },
  "metrics": {
    "mAP50-95": 0.20409204013866433,
    "mAP50": 0.4704411379554992,
    "mAP75": 0.13972115851286504,
    "mAPs": 0.1855262580150841,
    "mAPm": 0.34325511826556343,
    "mAPl": 0.49133916023181257,
    "AR@1": 0.02150476054119837,
    "AR@10": 0.1468680650010738,
    "AR@100": 0.2721812585009664,
    "ARs": 0.25217742587056635,
    "ARm": 0.42774936061381075,
    "ARl": 0.5499999999999999,
    "mAP50s": 0.4704411379554992,
    "mAP50m": 0.6771821244777342,
    "mAP50l": 0.7128712871287128,
    "fps": 5.161449747585354,
    "avg_inference_time_ms": 193.74401551963638
  }
}