{
  "config": {
    "model": "v8_trained.pt",
    "split": "val",
    "use_sahi": true,
    "slice_size": 640,
    "overlap_ratio": 0.1,
    "imgsz": 640,
    "conf_threshold": 0.4,
    "iou_threshold": 0.5,
    "num_images": 548
  },
  "metrics": {
    "mAP50-95": 0.21793929761334824,
    "mAP50": 0.48960906074436633,
    "mAP75": 0.15512329478696985,
    "mAPs": 0.1983670932152934,
    "mAPm": 0.36422825639288453,
    "mAPl": 0.4754465080471473,
    "AR@1": 0.02206313980957835,
    "AR@10": 0.15525091273534256,
    "AR@100": 0.2749230438828835,
    "ARs": 0.2531954431607013,
    "ARm": 0.4446291560102302,
    "ARl": 0.5571428571428572,
    "mAP50s": 0.48960906074436633,
    "mAP50m": 0.70232465022056,
    "mAP50l": 0.7524752475247525,
    "fps": 6.166552628424511,
    "avg_inference_time_ms": 162.16516103187618
  }
}