{
  "config": {
    "model": "v8_trained.pt",
    "split": "val",
    "use_sahi": true,
    "slice_size": 448,
    "overlap_ratio": 0.3,
    "imgsz": 640,
    "conf_threshold": 0.4,
    "iou_threshold": 0.5,
    "num_images": 548
  },
  "metrics": {
    "mAP50-95": 0.22526802561535234,
    "mAP50": 0.5139679186610542,
    "mAP75": 0.15624616692831117,
    "mAPs": 0.2092434313052912,
    "mAPm": 0.3384278876786357,
    "mAPl": 0.5028057270012715,
    "AR@1": 0.022413916529458087,
    "AR@10": 0.15480707280406616,
    "AR@100": 0.29497458658458015,
    "ARs": 0.27744202957097847,
    "ARm": 0.43184143222506394,
    "ARl": 0.5678571428571428,
    "mAP50s": 0.5139679186610542,
    "mAP50m": 0.6884303916661293,
    "mAP50l": 0.7821782178217822,
    "fps": 4.720079000380758,
    "avg_inference_time_ms": 211.86086078629876
  }
}