{
  "config": {
    "model": "v8_trained.pt",
    "split": "val",
    "use_sahi": true,
    "slice_size": 512,
    "overlap_ratio": 0.3,
    "imgsz": 640,
    "conf_threshold": 0.4,
    "iou_threshold": 0.5,
    "num_images": 548
  },
  "metrics": {
    "mAP50-95": 0.22805969508121943,
    "mAP50": 0.5164928084258168,
    "mAP75": 0.15966326740665676,
    "mAPs": 0.21207635866211202,
    "mAPm": 0.35234650929609457,
    "mAPl": 0.4629395709209211,
    "AR@1": 0.021805426301095283,
    "AR@10": 0.15770634977450065,
    "AR@100": 0.2964564392583578,
    "ARs": 0.2782176617920336,
    "ARm": 0.4389386189258312,
    "ARl": 0.5392857142857144,
    "mAP50s": 0.5164928084258168,
    "mAP50m": 0.6967916132836148,
    "mAP50l": 0.7524752475247525,
    "fps": 5.742820089427772,
    "avg_inference_time_ms": 174.13047673928477
  }
}
