{
  "config": {
    "model": "v8_trained.pt",
    "split": "val",
    "use_sahi": true,
    "slice_size": 384,
    "overlap_ratio": 0.2,
    "imgsz": 640,
    "conf_threshold": 0.4,
    "iou_threshold": 0.5,
    "num_images": 548
  },
  "metrics": {
    "mAP50-95": 0.21344705153173452,
    "mAP50": 0.4920764412581923,
    "mAP75": 0.145513326409491,
    "mAPs": 0.19690085932268148,
    "mAPm": 0.3369238577491179,
    "mAPl": 0.49086226237361935,
    "AR@1": 0.02156918891831914,
    "AR@10": 0.15103443338821676,
    "AR@100": 0.28319851098861765,
    "ARs": 0.26460370041205467,
    "ARm": 0.4280690537084399,
    "ARl": 0.55,
    "mAP50s": 0.4920764412581923,
    "mAP50m": 0.6802954604792316,
    "mAP50l": 0.7128712871287128,
    "fps": 4.851819456208161,
    "avg_inference_time_ms": 206.1082464064995
  }
}