{
  "config": {
    "model": "v8_trained.pt",
    "split": "val",
    "use_sahi": true,
    "slice_size": 384,
    "overlap_ratio": 0.2,
    "imgsz": 640,
    "conf_threshold": 0.1,
    "iou_threshold": 0.5,
    "num_images": 548
  },
  "metrics": {
    "mAP50-95": 0.1901622309752454,
    "mAP50": 0.5057572134005217,
    "mAP75": 0.10584707814995793,
    "mAPs": 0.1808961121618433,
    "mAPm": 0.26740465081829734,
    "mAPl": 0.47643496054659956,
    "AR@1": 0.020044383993127638,
    "AR@10": 0.1363662395303887,
    "AR@100": 0.2906220917746438,
    "ARs": 0.27658560232689666,
    "ARm": 0.3985294117647059,
    "ARl": 0.5964285714285713,
    "mAP50s": 0.5057572134005217,
    "mAP50m": 0.6412638327570813,
    "mAP50l": 0.7567070040337368,
    "fps": 4.092463151557473,
    "avg_inference_time_ms": 244.35161978658968
  }
}