{
  "config": {
    "model": "v8_trained.pt",
    "split": "val",
    "use_sahi": true,
    "slice_size": 320,
    "overlap_ratio": 0.3,
    "imgsz": 640,
    "conf_threshold": 0.1,
    "iou_threshold": 0.5,
    "num_images": 548
  },
  "metrics": {
    "mAP50-95": 0.1818932488777562,
    "mAP50": 0.4886116560757835,
    "mAP75": 0.09640607809590095,
    "mAPs": 0.17181302182698507,
    "mAPm": 0.26657416260155703,
    "mAPl": 0.507801128560061,
    "AR@1": 0.01945736989047176,
    "AR@10": 0.1321855537261078,
    "AR@100": 0.2842508411482568,
    "ARs": 0.2691766987153591,
    "ARm": 0.3999360613810741,
    "ARl": 0.5821428571428571,
    "mAP50s": 0.4886116560757835,
    "mAP50m": 0.6271220423724612,
    "mAP50l": 0.7808867843306071,
    "fps": 4.1055601448192895,
    "avg_inference_time_ms": 243.5721228592587
  }
}