{
  "config": {
    "model": "v8_trained.pt",
    "split": "val",
    "use_sahi": true,
    "slice_size": 320,
    "overlap_ratio": 0.1,
    "imgsz": 640,
    "conf_threshold": 0.1,
    "iou_threshold": 0.5,
    "num_images": 548
  },
  "metrics": {
    "mAP50-95": 0.18403735595871332,
    "mAP50": 0.4927871058953004,
    "mAP75": 0.10001662276727177,
    "mAPs": 0.17400158572430188,
    "mAPm": 0.27303597256809625,
    "mAPl": 0.5106343073628911,
    "AR@1": 0.019808146610351494,
    "AR@10": 0.1332736774285919,
    "AR@100": 0.28542486935356864,
    "ARs": 0.27025935202391527,
    "ARm": 0.40204603580562653,
    "ARl": 0.5785714285714285,
    "mAP50s": 0.4927871058953004,
    "mAP50m": 0.635312511041903,
    "mAP50l": 0.8201320132013202,
    "fps": 4.801858126862078,
    "avg_inference_time_ms": 208.2527166735517
  }
}