{
  "config": {
    "model": "v8_trained.pt",
    "split": "val",
    "use_sahi": true,
    "slice_size": 512,
    "overlap_ratio": 0.2,
    "imgsz": 640,
    "conf_threshold": 0.1,
    "iou_threshold": 0.5,
    "num_images": 548
  },
  "metrics": {
    "mAP50-95": 0.20095250803868114,
    "mAP50": 0.5208717136725464,
    "mAP75": 0.11718551661968571,
    "mAPs": 0.18836741127216797,
    "mAPm": 0.30057126925370786,
    "mAPl": 0.49653050055083986,
    "AR@1": 0.02087479418712864,
    "AR@10": 0.14216479347125782,
    "AR@100": 0.2960698689956332,
    "ARs": 0.2790336915246021,
    "ARm": 0.42742966751918166,
    "ARl": 0.6107142857142857,
    "mAP50s": 0.5208717136725464,
    "mAP50m": 0.6737502242700327,
    "mAP50l": 0.8414185900195372,
    "fps": 4.965249265222674,
    "avg_inference_time_ms": 201.3997579142995
  }
}