{
  "config": {
    "model": "v8_trained.pt",
    "split": "val",
    "use_sahi": true,
    "slice_size": 640,
    "overlap_ratio": 0.4,
    "imgsz": 640,
    "conf_threshold": 0.1,
    "iou_threshold": 0.5,
    "num_images": 548
  },
  "metrics": {
    "mAP50-95": 0.20215231562826597,
    "mAP50": 0.5217051771021167,
    "mAP75": 0.12120251733931546,
    "mAPs": 0.185182166349924,
    "mAPm": 0.32961338109212973,
    "mAPl": 0.4789698754722205,
    "AR@1": 0.021039444484215054,
    "AR@10": 0.14213615863698187,
    "AR@100": 0.28838857470112395,
    "ARs": 0.2687323260887129,
    "ARm": 0.4414322250639386,
    "ARl": 0.5892857142857142,
    "mAP50s": 0.5217051771021167,
    "mAP50m": 0.7092174435072032,
    "mAP50l": 0.8502970297029703,
    "fps": 5.152726364521623,
    "avg_inference_time_ms": 194.07201726941298
  }
}