{
  "config": {
    "model": "v8_trained.pt",
    "split": "val",
    "use_sahi": true,
    "slice_size": 256,
    "overlap_ratio": 0.4,
    "imgsz": 640,
    "conf_threshold": 0.1,
    "iou_threshold": 0.5,
    "num_images": 548
  },
  "metrics": {
    "mAP50-95": 0.1572729206056335,
    "mAP50": 0.4287515859430666,
    "mAP75": 0.08415303075995542,
    "mAPs": 0.1436335875827911,
    "mAPm": 0.25963239078124384,
    "mAPl": 0.525222696803842,
    "AR@1": 0.018619800987901784,
    "AR@10": 0.12197007659818168,
    "AR@100": 0.2620302097501611,
    "ARs": 0.2442433546093561,
    "ARm": 0.3991687979539642,
    "ARl": 0.5821428571428572,
    "mAP50s": 0.4287515859430666,
    "mAP50m": 0.6109038395202343,
    "mAP50l": 0.7808867843306071,
    "fps": 2.24836950021713,
    "avg_inference_time_ms": 444.76675204116935
  }
}