{
  "config": {
    "model": "v8_trained.pt",
    "split": "val",
    "use_sahi": true,
    "slice_size": 768,
    "overlap_ratio": 0.3,
    "imgsz": 640,
    "conf_threshold": 0.1,
    "iou_threshold": 0.5,
    "num_images": 548
  },
  "metrics": {
    "mAP50-95": 0.20355106050288052,
    "mAP50": 0.5178479676304502,
    "mAP75": 0.12342769883695483,
    "mAPs": 0.18759137749209945,
    "mAPm": 0.3339150450417054,
    "mAPl": 0.4253110092657175,
    "AR@1": 0.02108239673562889,
    "AR@10": 0.14336745651084543,
    "AR@100": 0.2879017825184337,
    "ARs": 0.26727801567423437,
    "ARm": 0.44884910485933505,
    "ARl": 0.575,
    "mAP50s": 0.5178479676304502,
    "mAP50m": 0.7135299366823564,
    "mAP50l": 0.788883198664694,
    "fps": 7.018671991131419,
    "avg_inference_time_ms": 142.47709556217612
  }
}