{
  "config": {
    "model": "v8_trained.pt",
    "split": "val",
    "use_sahi": true,
    "slice_size": 448,
    "overlap_ratio": 0.2,
    "imgsz": 640,
    "conf_threshold": 0.1,
    "iou_threshold": 0.5,
    "num_images": 548
  },
  "metrics": {
    "mAP50-95": 0.20189856864360223,
    "mAP50": 0.5242254890360903,
    "mAP75": 0.11581903845332109,
    "mAPs": 0.19008884854931427,
    "mAPm": 0.29414928896450354,
    "mAPl": 0.46602902776883565,
    "AR@1": 0.020681509055766344,
    "AR@10": 0.1399670699405827,
    "AR@100": 0.29800272030925623,
    "ARs": 0.28270986507231155,
    "ARm": 0.41547314578005123,
    "ARl": 0.6071428571428571,
    "mAP50s": 0.5242254890360903,
    "mAP50m": 0.6692115939710588,
    "mAP50l": 0.8199810305923092,
    "fps": 5.244919859878807,
    "avg_inference_time_ms": 190.66068247286944
  }
}
