{
  "config": {
    "model": "v8_trained.pt",
    "split": "val",
    "use_sahi": true,
    "slice_size": 512,
    "overlap_ratio": 0.1,
    "imgsz": 640,
    "conf_threshold": 0.1,
    "iou_threshold": 0.5,
    "num_images": 548
  },
  "metrics": {
    "mAP50-95": 0.20648595252403226,
    "mAP50": 0.5304369707400843,
    "mAP75": 0.1234898322495048,
    "mAPs": 0.19272949577419005,
    "mAPm": 0.31236669650193377,
    "mAPl": 0.5043008495445847,
    "AR@1": 0.021139666404180687,
    "AR@10": 0.1437969790249839,
    "AR@100": 0.2995776361944305,
    "ARs": 0.2822654924456654,
    "ARm": 0.4333120204603581,
    "ARl": 0.607142857142857,
    "mAP50s": 0.5304369707400843,
    "mAP50m": 0.6813766080524043,
    "mAP50l": 0.838936640916839,
    "fps": 5.965652863926771,
    "avg_inference_time_ms": 167.62624691872702
  }
}