{
  "config": {
    "model": "v8_trained.pt",
    "split": "val",
    "use_sahi": true,
    "slice_size": 640,
    "overlap_ratio": 0.1,
    "imgsz": 640,
    "conf_threshold": 0.1,
    "iou_threshold": 0.5,
    "num_images": 548
  },
  "metrics": {
    "mAP50-95": 0.20262928996408092,
    "mAP50": 0.5214381757327035,
    "mAP75": 0.12199885919745708,
    "mAPs": 0.18773124743495104,
    "mAPm": 0.329990197228603,
    "mAPl": 0.4961389168028043,
    "AR@1": 0.020975016107094284,
    "AR@10": 0.14270169661393087,
    "AR@100": 0.28867492304388287,
    "ARs": 0.268990870162398,
    "ARm": 0.4415601023017904,
    "ARl": 0.607142857142857,
    "mAP50s": 0.5214381757327035,
    "mAP50m": 0.7068148053598142,
    "mAP50l": 0.8502970297029703,
    "fps": 5.546239889895942,
    "avg_inference_time_ms": 180.30233452789977
  }
}
