{
  "config": {
    "model": "v8_trained.pt",
    "split": "val",
    "use_sahi": true,
    "slice_size": 768,
    "overlap_ratio": 0.2,
    "imgsz": 640,
    "conf_threshold": 0.1,
    "iou_threshold": 0.5,
    "num_images": 548
  },
  "metrics": {
    "mAP50-95": 0.2078368861352444,
    "mAP50": 0.522240670480775,
    "mAP75": 0.12645145182958206,
    "mAPs": 0.1899197712297996,
    "mAPm": 0.346559380262457,
    "mAPl": 0.48046580616273193,
    "AR@1": 0.021633617295439903,
    "AR@10": 0.14452716729901927,
    "AR@100": 0.2892404610208318,
    "ARs": 0.26795669386765775,
    "ARm": 0.45511508951406654,
    "ARl": 0.5892857142857142,
    "mAP50s": 0.522240670480775,
    "mAP50m": 0.7257167255583626,
    "mAP50l": 0.8363036303630363,
    "fps": 8.88955874066472,
    "avg_inference_time_ms": 112.49152282728767
  }
}