{
  "config": {
    "model": "v8_trained.pt",
    "split": "val",
    "use_sahi": true,
    "slice_size": 512,
    "overlap_ratio": 0.4,
    "imgsz": 640,
    "conf_threshold": 0.1,
    "iou_threshold": 0.5,
    "num_images": 548
  },
  "metrics": {
    "mAP50-95": 0.20197454780349097,
    "mAP50": 0.5240737934813738,
    "mAP75": 0.1182359456387444,
    "mAPs": 0.18833187963380724,
    "mAPm": 0.3025030793283978,
    "mAPl": 0.4913362093785369,
    "AR@1": 0.020774572267163,
    "AR@10": 0.14207173025986114,
    "AR@100": 0.2968644856467893,
    "ARs": 0.2794295871374323,
    "ARm": 0.43158567774936063,
    "ARl": 0.6107142857142857,
    "mAP50s": 0.5240737934813738,
    "mAP50m": 0.6711118150692271,
    "mAP50l": 0.8152186467458432,
    "fps": 4.5255969378996275,
    "avg_inference_time_ms": 220.96532539729654
  }
}
