{
  "config": {
    "model": "v8_trained.pt",
    "split": "val",
    "use_sahi": true,
    "slice_size": 384,
    "overlap_ratio": 0.3,
    "imgsz": 640,
    "conf_threshold": 0.1,
    "iou_threshold": 0.5,
    "num_images": 548
  },
  "metrics": {
    "mAP50-95": 0.19273323802251804,
    "mAP50": 0.5082534897141006,
    "mAP75": 0.10821017097037776,
    "mAPs": 0.18293247240403007,
    "mAPm": 0.27527879764916524,
    "mAPl": 0.5263019813448139,
    "AR@1": 0.020158923330231227,
    "AR@10": 0.13751879160999356,
    "AR@100": 0.29211826186555945,
    "ARs": 0.2771188494788721,
    "ARm": 0.4076726342710998,
    "ARl": 0.6071428571428572,
    "mAP50s": 0.5082534897141006,
    "mAP50m": 0.6464022202009139,
    "mAP50l": 0.8125871717606544,
    "fps": 4.0208538379181675,
    "avg_inference_time_ms": 248.70339492811775
  }
}
