{
  "config": {
    "model": "v8_trained.pt",
    "split": "val",
    "use_sahi": true,
    "slice_size": 256,
    "overlap_ratio": 0.2,
    "imgsz": 640,
    "conf_threshold": 0.1,
    "iou_threshold": 0.5,
    "num_images": 548
  },
  "metrics": {
    "mAP50-95": 0.16572296304100456,
    "mAP50": 0.44285208056942804,
    "mAP75": 0.0888236806955591,
    "mAPs": 0.15131666047642145,
    "mAPm": 0.27692597136826197,
    "mAPl": 0.5311759256671009,
    "AR@1": 0.019156704130574843,
    "AR@10": 0.12473333810580571,
    "AR@100": 0.26496528026344046,
    "ARs": 0.24698230588995723,
    "ARm": 0.4037084398976981,
    "ARl": 0.5928571428571429,
    "mAP50s": 0.44285208056942804,
    "mAP50m": 0.6443959353540764,
    "mAP50l": 0.8201320132013202,
    "fps": 3.146972451017876,
    "avg_inference_time_ms": 317.7657305759235
  }
}
