{
  "config": {
    "model": "yolov8n.pt",
    "split": "test",
    "use_sahi": false,
    "slice_size": null,
    "overlap_ratio": null,
    "imgsz": 640,
    "conf_threshold": 0.1,
    "iou_threshold": 0.5,
    "num_images": 1610
  },
  "metrics": {
    "mAP50-95": 0.028342787529924345,
    "mAP50": 0.058863533834009225,
    "mAP75": 0.020619319592676953,
    "mAPs": 0.010269159441858059,
    "mAPm": 0.16625930699633185,
    "mAPl": 0.590200145479914,
    "AR@1": 0.004440873566576584,
    "AR@10": 0.021342487765685487,
    "AR@100": 0.031246804470089835,
    "ARs": 0.010734531419611629,
    "ARm": 0.21768848384424194,
    "ARl": 0.6842105263157895,
    "mAP50s": 0.058863533834009225,
    "mAP50m": 0.3680834134287625,
    "mAP50l": 0.926909902954327,
    "fps": 66.84359738422212,
    "avg_inference_time_ms": 14.96029596151032
  }
}
