{
  "config": {
    "model": "v8_trained.pt",
    "split": "test",
    "use_sahi": false,
    "slice_size": null,
    "overlap_ratio": null,
    "imgsz": 640,
    "conf_threshold": 0.1,
    "iou_threshold": 0.5,
    "num_images": 1610
  },
  "metrics": {
    "mAP50-95": 0.09910268679690358,
    "mAP50": 0.24864408475942829,
    "mAP75": 0.05893133562794921,
    "mAPs": 0.06884361835237114,
    "mAPm": 0.36233364569551274,
    "mAPl": 0.5184441095512764,
    "AR@1": 0.012559345555474399,
    "AR@10": 0.06576217953400045,
    "AR@100": 0.13226937404134104,
    "ARs": 0.10113777992200379,
    "ARm": 0.43516984258492136,
    "ARl": 0.6084210526315789,
    "mAP50s": 0.24864408475942829,
    "mAP50m": 0.7429712487966313,
    "mAP50l": 0.8697841430973641,
    "fps": 75.0095262727196,
    "avg_inference_time_ms": 13.331639988822227
  }
}