{
  "config": {
    "model": "yolov8n.pt",
    "split": "val",
    "use_sahi": false,
    "slice_size": null,
    "overlap_ratio": null,
    "imgsz": 640,
    "conf_threshold": 0.25,
    "iou_threshold": 0.45,
    "num_images": 548
  },
  "metrics": {
    "mAP50-95": 0.03395696816873941,
    "mAP50": 0.07104896519769757,
    "mAP75": 0.02640144995091863,
    "mAPs": 0.015377964416770175,
    "mAPm": 0.14107876527889374,
    "mAPl": 0.8205007820340878,
    "AR@1": 0.01126064857899635,
    "AR@10": 0.03396807215978237,
    "AR@100": 0.037661965781373034,
    "ARs": 0.017128544881635295,
    "ARm": 0.18606138107416878,
    "ARl": 0.8607142857142855,
    "mAP50s": 0.07104896519769757,
    "mAP50m": 0.301439410449236,
    "mAP50l": 0.9694922694239869,
    "fps": 68.40317387730924,
    "avg_inference_time_ms": 14.61920468476567
  }
}