{
  "config": {
    "model": "yolov8n.pt",
    "split": "val",
    "use_sahi": true,
    "slice_size": 640,
    "overlap_ratio": 0.2,
    "imgsz": null,
    "conf_threshold": 0.1,
    "iou_threshold": 0.5,
    "num_images": 548
  },
  "metrics": {
    "mAP50-95": 0.09646962424127946,
    "mAP50": 0.2420811774761798,
    "mAP75": 0.06026220915577202,
    "mAPs": 0.08107782122459278,
    "mAPm": 0.22791060108802483,
    "mAPl": 0.7633856432462859,
    "AR@1": 0.016629680005726965,
    "AR@10": 0.09194645285990408,
    "AR@100": 0.14702555658959124,
    "ARs": 0.12031186878888259,
    "ARm": 0.3477621483375959,
    "ARl": 0.825,
    "mAP50s": 0.2420811774761798,
    "mAP50m": 0.5042105501671819,
    "mAP50l": 0.9451909476661949,
    "fps": 5.47027276276368,
    "avg_inference_time_ms": 182.80624081618592
  }
}