{
  "config": {
    "model": "yolov8n.pt",
    "split": "val",
    "use_sahi": true,
    "slice_size": 256,
    "overlap_ratio": 0.2,
    "imgsz": null,
    "conf_threshold": 0.25,
    "iou_threshold": 0.45,
    "num_images": 548
  },
  "metrics": {
    "mAP50-95": 0.1515185632776196,
    "mAP50": 0.32925486947501376,
    "mAP75": 0.11376829073060174,
    "mAPs": 0.1366958083655187,
    "mAPm": 0.2787919730186294,
    "mAPl": 0.8087297118994051,
    "AR@1": 0.019106593170592025,
    "AR@10": 0.12365953182045959,
    "AR@100": 0.1995275252344477,
    "ARs": 0.17678758988446314,
    "ARm": 0.3691176470588235,
    "ARl": 0.8714285714285713,
    "mAP50s": 0.32925486947501376,
    "mAP50m": 0.5480472650187475,
    "mAP50l": 0.9692893927073868,
    "fps": 3.3711311104999004,
    "avg_inference_time_ms": 296.6363416971081
  }
}