{
  "config": {
    "model": "yolov8n.pt",
    "split": "val",
    "use_sahi": true,
    "slice_size": 512,
    "overlap_ratio": 0.2,
    "imgsz": null,
    "conf_threshold": 0.25,
    "iou_threshold": 0.45,
    "num_images": 548
  },
  "metrics": {
    "mAP50-95": 0.1169956008842514,
    "mAP50": 0.2534877025660638,
    "mAP75": 0.09195748742891383,
    "mAPs": 0.09548648988623455,
    "mAPm": 0.28617172274424457,
    "mAPl": 0.792624527240633,
    "AR@1": 0.018433674565108454,
    "AR@10": 0.10656453575774931,
    "AR@100": 0.1524089054334598,
    "ARs": 0.12247717540599497,
    "ARm": 0.37896419437340156,
    "ARl": 0.8321428571428571,
    "mAP50s": 0.2534877025660638,
    "mAP50m": 0.561952479556379,
    "mAP50l": 0.9520862800565771,
    "fps": 5.5243848329287655,
    "avg_inference_time_ms": 181.01562983798283
  }
}