{
  "config": {
    "model": "yolov8n.pt",
    "split": "val",
    "use_sahi": true,
    "slice_size": 640,
    "overlap_ratio": 0.2,
    "imgsz": null,
    "conf_threshold": 0.25,
    "iou_threshold": 0.5,
    "num_images": 548
  },
  "metrics": {
    "mAP50-95": 0.09357629321263593,
    "mAP50": 0.20150032990648728,
    "mAP75": 0.0710166138834289,
    "mAPs": 0.07213457265348246,
    "mAPm": 0.2635964772958358,
    "mAPl": 0.79831495764389,
    "AR@1": 0.017746438542486934,
    "AR@10": 0.09312763977378481,
    "AR@100": 0.12220631398095785,
    "ARs": 0.09155692009372222,
    "ARm": 0.3535166240409207,
    "ARl": 0.8464285714285715,
    "mAP50s": 0.20150032990648728,
    "mAP50m": 0.5328342754695248,
    "mAP50l": 0.9603960396039604,
    "fps": 6.31681503840423,
    "avg_inference_time_ms": 158.30762716975525
  }
}