{
  "model": "yolov8-p2-cbam-scdown",
  "params_M": 2.852296,
  "FPS": 137.36822988940924,
  "latency_ms": 7.279703617095947,
  "AP@[.5:.95]": 0.1243964302097353,
  "AP@.5": 0.32397558565795415,
  "AP@.75": 0.07201206761304833,
  "AP_small": 0.09590214821165467,
  "AP_medium": 0.37599069395594886,
  "AP_large": 0.4799422246211962,
  "AR@1": 0.0141406763567307,
  "AR@10": 0.08036301219779417,
  "AR@100": 0.18752099919655246,
  "AR_small": 0.1601374984923411,
  "AR_medium": 0.45530240265120125,
  "AR_large": 0.5778947368421052
}
