{
  "model": "yolov12",
  "params_M": 2.568243,
  "FPS": 83.06282770207915,
  "latency_ms": 12.039079666137695,
  "AP@[.5:.95]": 0.10532072727854935,
  "AP@.5": 0.2764459873674555,
  "AP@.75": 0.06197718746412852,
  "AP_small": 0.07597925683721019,
  "AP_medium": 0.37341565111196273,
  "AP_large": 0.5179401943337075,
  "AR@1": 0.013056022204367834,
  "AR@10": 0.0732817179168797,
  "AR@100": 0.15673435103352568,
  "AR_small": 0.12599605998472238,
  "AR_medium": 0.4567522783761392,
  "AR_large": 0.608421052631579
}