{
  "model": "yolov10",
  "params_M": 2.70743,
  "FPS": 111.01008414081538,
  "latency_ms": 9.008190631866455,
  "AP@[.5:.95]": 0.10416666381166265,
  "AP@.5": 0.26446584475067264,
  "AP@.75": 0.062036105561207026,
  "AP_small": 0.07383594134167229,
  "AP_medium": 0.3764974903377265,
  "AP_large": 0.5257611011521885,
  "AR@1": 0.012011540428018407,
  "AR@10": 0.07073259805711782,
  "AR@100": 0.16816156599225768,
  "AR_small": 0.13558477063482494,
  "AR_medium": 0.4859983429991715,
  "AR_large": 0.6410526315789474
}
