{
  "config": {
    "model": "v8_trained.pt",
    "split": "val",
    "use_sahi": false,
    "slice_size": null,
    "overlap_ratio": null,
    "imgsz": 640,
    "conf_threshold": 0.1,
    "iou_threshold": 0.5,
    "num_images": 548
  },
  "metrics": {
    "mAP50-95": 0.18860982994008602,
    "mAP50": 0.4470337853418214,
    "mAP75": 0.11975683319968433,
    "mAPs": 0.15630230746485269,
    "mAPm": 0.4063735798780643,
    "mAPl": 0.5520559633488462,
    "AR@1": 0.021311475409836068,
    "AR@10": 0.138227503758322,
    "AR@100": 0.24394731190493232,
    "ARs": 0.21439767310333685,
    "ARm": 0.4744245524296676,
    "ARl": 0.6,
    "mAP50s": 0.4470337853418214,
    "mAP50m": 0.791939475292555,
    "mAP50l": 0.818894389438944,
    "fps": 60.48389121482047,
    "avg_inference_time_ms": 16.533327798773772
  }
}