{
  "config": {
    "model": "v8_trained.pt",
    "split": "val",
    "use_sahi": true,
    "slice_size": 768,
    "overlap_ratio": 0.4,
    "imgsz": 640,
    "conf_threshold": 0.1,
    "iou_threshold": 0.5,
    "num_images": 548
  },
  "metrics": {
    "mAP50-95": 0.20488974610301675,
    "mAP50": 0.5243148449778061,
    "mAP75": 0.12363557104873617,
    "mAPs": 0.18737080199806014,
    "mAPm": 0.3382139497283537,
    "mAPl": 0.4313931642838817,
    "AR@1": 0.02121125348987043,
    "AR@10": 0.14369675710501825,
    "AR@100": 0.2882955114897272,
    "ARs": 0.26739112870647164,
    "ARm": 0.45127877237851666,
    "ARl": 0.5857142857142856,
    "mAP50s": 0.5243148449778061,
    "mAP50m": 0.7177420992372051,
    "mAP50l": 0.7897082811729449,
    "fps": 7.305178961182309,
    "avg_inference_time_ms": 136.8891857836368
  }
}
