{
  "config": {
    "model": "v8_trained.pt",
    "split": "val",
    "use_sahi": true,
    "slice_size": 384,
    "overlap_ratio": 0.4,
    "imgsz": 640,
    "conf_threshold": 0.1,
    "iou_threshold": 0.5,
    "num_images": 548
  },
  "metrics": {
    "mAP50-95": 0.1866684687412145,
    "mAP50": 0.5012675905912151,
    "mAP75": 0.1029743170079117,
    "mAPs": 0.17860577765970967,
    "mAPm": 0.2598637064533567,
    "mAPl": 0.4851288637159342,
    "AR@1": 0.019722242107523803,
    "AR@10": 0.13430453146252416,
    "AR@100": 0.28873219271243467,
    "ARs": 0.2749454633594571,
    "ARm": 0.3945652173913043,
    "ARl": 0.6035714285714284,
    "mAP50s": 0.5012675905912151,
    "mAP50m": 0.6294698013033191,
    "mAP50l": 0.7567070040337368,
    "fps": 3.3761762936908304,
    "avg_inference_time_ms": 296.1930636941952
  }
}
