{
  "config": {
    "model": "v8_trained.pt",
    "split": "val",
    "use_sahi": true,
    "slice_size": 256,
    "overlap_ratio": 0.1,
    "imgsz": null,
    "conf_threshold": 0.1,
    "iou_threshold": 0.5,
    "num_images": 548
  },
  "metrics": {
    "mAP50-95": 0.16666452732624282,
    "mAP50": 0.4435096328754439,
    "mAP75": 0.0893806076106978,
    "mAPs": 0.15115242414531938,
    "mAPm": 0.2806274322349413,
    "mAPl": 0.5293306107008217,
    "AR@1": 0.0193070370105233,
    "AR@10": 0.1255637482998067,
    "AR@100": 0.2653876440690099,
    "ARs": 0.24693382887614126,
    "ARm": 0.4079923273657289,
    "ARl": 0.5928571428571427,
    "mAP50s": 0.4435096328754439,
    "mAP50m": 0.6442153439241316,
    "mAP50l": 0.7808867843306071,
    "fps": 3.582569547772032,
    "avg_inference_time_ms": 279.1292636933988
  }
}
