{
  "config": {
    "model": "v8_trained.pt",
    "split": "val",
    "use_sahi": true,
    "slice_size": 448,
    "overlap_ratio": 0.4,
    "imgsz": 640,
    "conf_threshold": 0.1,
    "iou_threshold": 0.5,
    "num_images": 548
  },
  "metrics": {
    "mAP50-95": 0.19695772585956353,
    "mAP50": 0.5155600381832744,
    "mAP75": 0.11378387710352376,
    "mAPs": 0.18622872129265663,
    "mAPm": 0.28138667982253673,
    "mAPl": 0.4803100332874209,
    "AR@1": 0.02036652587873148,
    "AR@10": 0.1391438184551507,
    "AR@100": 0.29433030281337247,
    "ARs": 0.27908216853841805,
    "ARm": 0.4118286445012789,
    "ARl": 0.5928571428571427,
    "mAP50s": 0.5155600381832744,
    "mAP50m": 0.6559815351308764,
    "mAP50l": 0.8221282950081917,
    "fps": 3.517163873660081,
    "avg_inference_time_ms": 284.31999074281566
  }
}