{
  "config": {
    "model": "v8_trained.pt",
    "split": "val",
    "use_sahi": true,
    "slice_size": 512,
    "overlap_ratio": 0.3,
    "imgsz": 640,
    "conf_threshold": 0.1,
    "iou_threshold": 0.5,
    "num_images": 548
  },
  "metrics": {
    "mAP50-95": 0.2010170684491176,
    "mAP50": 0.5181756601647362,
    "mAP75": 0.1176143147213241,
    "mAPs": 0.18890935019663196,
    "mAPm": 0.29790554939750896,
    "mAPl": 0.486716999265206,
    "AR@1": 0.020767413558594027,
    "AR@10": 0.14172811224855034,
    "AR@100": 0.2966067721383062,
    "ARs": 0.27993051628019716,
    "ARm": 0.4249360613810741,
    "ARl": 0.6142857142857142,
    "mAP50s": 0.5181756601647362,
    "mAP50m": 0.6635560729789335,
    "mAP50l": 0.8142134213421345,
    "fps": 4.823158828212836,
    "avg_inference_time_ms": 207.33300221227384
  }
}
