{
  "config": {
    "model": "v8_trained.pt",
    "split": "val",
    "use_sahi": true,
    "slice_size": 768,
    "overlap_ratio": 0.1,
    "imgsz": 640,
    "conf_threshold": 0.1,
    "iou_threshold": 0.5,
    "num_images": 548
  },
  "metrics": {
    "mAP50-95": 0.20772462075409973,
    "mAP50": 0.5222967450420112,
    "mAP75": 0.1264183753819912,
    "mAPs": 0.18990284748492833,
    "mAPm": 0.3468629172516872,
    "mAPl": 0.47605611794116254,
    "AR@1": 0.02158350633545708,
    "AR@10": 0.14451284988188132,
    "AR@100": 0.28929773068938364,
    "ARs": 0.2680051708814737,
    "ARm": 0.4553708439897698,
    "ARl": 0.5857142857142856,
    "mAP50s": 0.5222967450420112,
    "mAP50m": 0.7259081647681394,
    "mAP50l": 0.8363036303630363,
    "fps": 8.738182366017229,
    "avg_inference_time_ms": 114.44027580483987
  }
}
