{
  "config": {
    "model": "v8_trained.pt",
    "split": "val",
    "use_sahi": true,
    "slice_size": 320,
    "overlap_ratio": 0.2,
    "imgsz": 640,
    "conf_threshold": 0.1,
    "iou_threshold": 0.5,
    "num_images": 548
  },
  "metrics": {
    "mAP50-95": 0.18352517163555115,
    "mAP50": 0.4920738238383451,
    "mAP75": 0.09898894798136024,
    "mAPs": 0.17424344191255495,
    "mAPm": 0.2656656451675306,
    "mAPl": 0.5004702061701631,
    "AR@1": 0.01947884601617868,
    "AR@10": 0.13308755100579855,
    "AR@100": 0.28551793256496527,
    "ARs": 0.2709945867334572,
    "ARm": 0.3971867007672634,
    "ARl": 0.5714285714285714,
    "mAP50s": 0.4920738238383451,
    "mAP50m": 0.6215548193108595,
    "mAP50l": 0.8201320132013202,
    "fps": 4.168469688511252,
    "avg_inference_time_ms": 239.89619086258605
  }
}
