{
  "config": {
    "model": "v8_trained.pt",
    "split": "val",
    "use_sahi": true,
    "slice_size": 448,
    "overlap_ratio": 0.1,
    "imgsz": 640,
    "conf_threshold": 0.1,
    "iou_threshold": 0.5,
    "num_images": 548
  },
  "metrics": {
    "mAP50-95": 0.2013007866867533,
    "mAP50": 0.5254004014729831,
    "mAP75": 0.11576989650367309,
    "mAPs": 0.18953969524551992,
    "mAPm": 0.29315094899844013,
    "mAPl": 0.4948513485965486,
    "AR@1": 0.02069582647290429,
    "AR@10": 0.14013887894623808,
    "AR@100": 0.29774500680077315,
    "ARs": 0.28226549244566534,
    "ARm": 0.41739130434782606,
    "ARl": 0.5964285714285713,
    "mAP50s": 0.5254004014729831,
    "mAP50m": 0.6707474522918594,
    "mAP50l": 0.7898331587544719,
    "fps": 5.266827570568683,
    "avg_inference_time_ms": 189.86761700497925
  }
}
