{
  "config": {
    "model": "v8_trained.pt",
    "split": "val",
    "use_sahi": true,
    "slice_size": 448,
    "overlap_ratio": 0.3,
    "imgsz": 640,
    "conf_threshold": 0.1,
    "iou_threshold": 0.5,
    "num_images": 548
  },
  "metrics": {
    "mAP50-95": 0.19886607232727774,
    "mAP50": 0.522978475905341,
    "mAP75": 0.11525282183780544,
    "mAPs": 0.187868759499015,
    "mAPm": 0.28464429636524674,
    "mAPl": 0.5174034192578169,
    "AR@1": 0.0208032071014389,
    "AR@10": 0.13922256424940943,
    "AR@100": 0.2962202018755816,
    "ARs": 0.2809242950634241,
    "ARm": 0.41342710997442456,
    "ARl": 0.6214285714285713,
    "mAP50s": 0.522978475905341,
    "mAP50m": 0.6549963728065443,
    "mAP50l": 0.8221282950081917,
    "fps": 4.042290088880508,
    "avg_inference_time_ms": 247.38452164796146
  }
}