{
  "config": {
    "model": "v8_trained.pt",
    "split": "val",
    "use_sahi": true,
    "slice_size": 256,
    "overlap_ratio": 0.3,
    "imgsz": 640,
    "conf_threshold": 0.1,
    "iou_threshold": 0.5,
    "num_images": 548
  },
  "metrics": {
    "mAP50-95": 0.1648225664096897,
    "mAP50": 0.44431439400294404,
    "mAP75": 0.08961024688409218,
    "mAPs": 0.15148043095499328,
    "mAPm": 0.27103559011025175,
    "mAPl": 0.5354993167018566,
    "AR@1": 0.019392941513350994,
    "AR@10": 0.12447562459732267,
    "AR@100": 0.26616078459445913,
    "ARs": 0.24791952815706556,
    "ARm": 0.40658567774936066,
    "ARl": 0.6,
    "mAP50s": 0.44431439400294404,
    "mAP50m": 0.630640212400704,
    "mAP50l": 0.8201320132013202,
    "fps": 2.9198487596990046,
    "avg_inference_time_ms": 342.4834922282365
  }
}