{
  "config": {
    "model": "v8_trained.pt",
    "split": "val",
    "use_sahi": true,
    "slice_size": 640,
    "overlap_ratio": 0.2,
    "imgsz": 640,
    "conf_threshold": 0.1,
    "iou_threshold": 0.5,
    "num_images": 548
  },
  "metrics": {
    "mAP50-95": 0.20185014606676893,
    "mAP50": 0.5207099810245196,
    "mAP75": 0.12248739405643656,
    "mAPs": 0.1863606554565039,
    "mAPm": 0.3307137589880253,
    "mAPl": 0.4904365054685535,
    "AR@1": 0.02093922256424941,
    "AR@10": 0.14284487078531033,
    "AR@100": 0.28840289211826187,
    "ARs": 0.26841722549890923,
    "ARm": 0.4437979539641944,
    "ARl": 0.5999999999999999,
    "mAP50s": 0.5207099810245196,
    "mAP50m": 0.7061446692124729,
    "mAP50l": 0.8502970297029703,
    "fps": 5.844548230788933,
    "avg_inference_time_ms": 171.09962318935536
  }
}
