{
  "config": {
    "model": "v8_trained.pt",
    "split": "val",
    "use_sahi": true,
    "slice_size": 320,
    "overlap_ratio": 0.4,
    "imgsz": 640,
    "conf_threshold": 0.1,
    "iou_threshold": 0.5,
    "num_images": 548
  },
  "metrics": {
    "mAP50-95": 0.17620383007012255,
    "mAP50": 0.47978690908529964,
    "mAP75": 0.09350032811434766,
    "mAPs": 0.1697440938823901,
    "mAPm": 0.24488106197826837,
    "mAPl": 0.5155905503593838,
    "AR@1": 0.01909943446202305,
    "AR@10": 0.12917173741856972,
    "AR@100": 0.28069296298947666,
    "ARs": 0.26700331259594406,
    "ARm": 0.3851023017902813,
    "ARl": 0.5785714285714285,
    "mAP50s": 0.47978690908529964,
    "mAP50m": 0.5903484591901327,
    "mAP50l": 0.7808867843306071,
    "fps": 2.7994131644591738,
    "avg_inference_time_ms": 357.2177243058699
  }
}