{
  "config": {
    "model": "v8_trained.pt",
    "split": "val",
    "use_sahi": true,
    "slice_size": 384,
    "overlap_ratio": 0.1,
    "imgsz": 640,
    "conf_threshold": 0.1,
    "iou_threshold": 0.5,
    "num_images": 548
  },
  "metrics": {
    "mAP50-95": 0.19402317015427128,
    "mAP50": 0.5094995534961619,
    "mAP75": 0.10895773792003347,
    "mAPs": 0.18286168874488765,
    "mAPm": 0.2826211246092896,
    "mAPl": 0.5303137244403735,
    "AR@1": 0.020309256210179684,
    "AR@10": 0.13736130002147612,
    "AR@100": 0.29227575345407686,
    "ARs": 0.27682798739597636,
    "ARm": 0.4109335038363172,
    "ARl": 0.6142857142857143,
    "mAP50s": 0.5094995534961619,
    "mAP50m": 0.6538149182960775,
    "mAP50l": 0.8125871717606544,
    "fps": 5.150686113971155,
    "avg_inference_time_ms": 194.1488915986388
  }
}
