{
  "config": {
    "model": "v8_trained.pt",
    "split": "val",
    "use_sahi": true,
    "slice_size": 640,
    "overlap_ratio": 0.3,
    "imgsz": 640,
    "conf_threshold": 0.1,
    "iou_threshold": 0.5,
    "num_images": 548
  },
  "metrics": {
    "mAP50-95": 0.20181681841685,
    "mAP50": 0.5211491586794396,
    "mAP75": 0.12210823722764556,
    "mAPs": 0.18509008356421713,
    "mAPm": 0.3301393380575431,
    "mAPl": 0.49097535996129016,
    "AR@1": 0.021161142529887607,
    "AR@10": 0.1422936502254993,
    "AR@100": 0.2884744792039516,
    "ARs": 0.268708087581805,
    "ARm": 0.4421994884910487,
    "ARl": 0.6,
    "mAP50s": 0.5211491586794396,
    "mAP50m": 0.7073425709569887,
    "mAP50l": 0.8502970297029703,
    "fps": 5.688867895116673,
    "avg_inference_time_ms": 175.78189868996614
  }
}