{
  "config": {
    "model": "v8_trained.pt",
    "split": "test",
    "use_sahi": true,
    "slice_size": 512,
    "overlap_ratio": 0.1,
    "imgsz": 640,
    "conf_threshold": 0.1,
    "iou_threshold": 0.5,
    "num_images": 1610
  },
  "metrics": {
    "mAP50-95": 0.10934948195290799,
    "mAP50": 0.3101714355858268,
    "mAP75": 0.054389068311843335,
    "mAPs": 0.09600978013757397,
    "mAPm": 0.2381939498471628,
    "mAPl": 0.2851151954675582,
    "AR@1": 0.01507559710758893,
    "AR@10": 0.08566941786575122,
    "AR@100": 0.17889854649039516,
    "ARs": 0.1605113979013388,
    "ARm": 0.3535625517812759,
    "ARl": 0.5694736842105264,
    "mAP50s": 0.3101714355858268,
    "mAP50m": 0.5635998470096675,
    "mAP50l": 0.5829964812012834,
    "fps": 5.60407787802234,
    "avg_inference_time_ms": 178.4414888168714
  }
}