{
  "config": {
    "model": "yolov8n.pt",
    "split": "test",
    "use_sahi": true,
    "slice_size": 512,
    "overlap_ratio": 0.1,
    "imgsz": 640,
    "conf_threshold": 0.1,
    "iou_threshold": 0.5,
    "num_images": 1610
  },
  "metrics": {
    "mAP50-95": 0.06208536366107561,
    "mAP50": 0.14554842037966234,
    "mAP75": 0.04250939785153142,
    "mAPs": 0.043274208913966716,
    "mAPm": 0.2597066933877598,
    "mAPl": 0.5069577233248643,
    "AR@1": 0.00869914542400117,
    "AR@10": 0.0457855525527719,
    "AR@100": 0.0912898984734497,
    "ARs": 0.0633337353757086,
    "ARm": 0.35724937862468925,
    "ARl": 0.671578947368421,
    "mAP50s": 0.14554842037966234,
    "mAP50m": 0.5592988991209095,
    "mAP50l": 0.880706851069671,
    "fps": 5.755716998796532,
    "avg_inference_time_ms": 173.74030033253734
  }
}
