{
  "model": "yolov8-p2-cbam",
  "params_M": 2.932104,
  "FPS": 137.81657069931092,
  "latency_ms": 7.256021499633789,
  "AP@[.5:.95]": 0.12478100663339908,
  "AP@.5": 0.3232016983361256,
  "AP@.75": 0.07280221290099115,
  "AP_small": 0.09747157508222852,
  "AP_medium": 0.3705869468364083,
  "AP_large": 0.46394032790404716,
  "AR@1": 0.013815645314440145,
  "AR@10": 0.08051639763348185,
  "AR@100": 0.18852165656270542,
  "AR_small": 0.16121095163430227,
  "AR_medium": 0.4568351284175642,
  "AR_large": 0.5536842105263158
}