{
  "config": {
    "model": "v8_trained.pt",
    "split": "val",
    "use_sahi": false,
    "slice_size": null,
    "overlap_ratio": null,
    "imgsz": 640,
    "conf_threshold": 0.4,
    "iou_threshold": 0.5,
    "num_images": 548
  },
  "metrics": {
    "mAP50-95": 0.1497188900157054,
    "mAP50": 0.31837682181183585,
    "mAP75": 0.11052972247103145,
    "mAPs": 0.11910426037770568,
    "mAPm": 0.3751896471694549,
    "mAPl": 0.5076525711462719,
    "AR@1": 0.02097501610709428,
    "AR@10": 0.12711002935070512,
    "AR@100": 0.17885317488725033,
    "ARs": 0.1462793891896259,
    "ARm": 0.4327365728900256,
    "ARl": 0.5535714285714286,
    "mAP50s": 0.31837682181183585,
    "mAP50m": 0.697975439994925,
    "mAP50l": 0.7128712871287128,
    "fps": 74.50347652634038,
    "avg_inference_time_ms": 13.422192448247088
  }
}
