{
  "config": {
    "model": "v8_trained.pt",
    "split": "val",
    "use_sahi": true,
    "slice_size": 384,
    "overlap_ratio": 0.1,
    "imgsz": 640,
    "conf_threshold": 0.4,
    "iou_threshold": 0.5,
    "num_images": 548
  },
  "metrics": {
    "mAP50-95": 0.21338010983870564,
    "mAP50": 0.4926228655382495,
    "mAP75": 0.14231348163001337,
    "mAPs": 0.19570850263021275,
    "mAPm": 0.34131813857984966,
    "mAPl": 0.49396222589291894,
    "AR@1": 0.021604982461164008,
    "AR@10": 0.15046173670269886,
    "AR@100": 0.28017753597251055,
    "ARs": 0.26094368586895045,
    "ARm": 0.4300511508951407,
    "ARl": 0.5535714285714286,
    "mAP50s": 0.4926228655382495,
    "mAP50m": 0.6808195673983564,
    "mAP50l": 0.7128712871287128,
    "fps": 5.249705635174676,
    "avg_inference_time_ms": 190.48687097800038
  }
}