{
  "config": {
    "model": "v8_trained.pt",
    "split": "val",
    "use_sahi": true,
    "slice_size": 512,
    "overlap_ratio": 0.1,
    "imgsz": 640,
    "conf_threshold": 0.4,
    "iou_threshold": 0.5,
    "num_images": 548
  },
  "metrics": {
    "mAP50-95": 0.22808394071808677,
    "mAP50": 0.5110426701689954,
    "mAP75": 0.1632225428848588,
    "mAPs": 0.21047428588929928,
    "mAPm": 0.35637649742321764,
    "mAPl": 0.4788459935287934,
    "AR@1": 0.022070298518147326,
    "AR@10": 0.15705490729472404,
    "AR@100": 0.29322070298518144,
    "ARs": 0.27422638765452045,
    "ARm": 0.44162404092071617,
    "ARl": 0.5535714285714286,
    "mAP50s": 0.5110426701689954,
    "mAP50m": 0.6973638980304416,
    "mAP50l": 0.7488748874887489,
    "fps": 7.188649098355797,
    "avg_inference_time_ms": 139.10819492200866
  }
}