{
  "config": {
    "model": "v8_trained.pt",
    "split": "val",
    "use_sahi": true,
    "slice_size": 384,
    "overlap_ratio": 0.4,
    "imgsz": 640,
    "conf_threshold": 0.4,
    "iou_threshold": 0.5,
    "num_images": 548
  },
  "metrics": {
    "mAP50-95": 0.2163359993758877,
    "mAP50": 0.49759886445661317,
    "mAP75": 0.14562451572526183,
    "mAPs": 0.2000400642356362,
    "mAPm": 0.33838706690781944,
    "mAPl": 0.4860357861901252,
    "AR@1": 0.021583506335457085,
    "AR@10": 0.15076240246259573,
    "AR@100": 0.2874006729186055,
    "ARs": 0.26898279066009534,
    "ARm": 0.4310102301790281,
    "ARl": 0.5499999999999999,
    "mAP50s": 0.49759886445661317,
    "mAP50m": 0.6774338016934973,
    "mAP50l": 0.7128712871287128,
    "fps": 3.825385281465284,
    "avg_inference_time_ms": 261.4115772456148
  }
}
