{
  "config": {
    "model": "v8_trained.pt",
    "split": "val",
    "use_sahi": true,
    "slice_size": 768,
    "overlap_ratio": 0.1,
    "imgsz": 640,
    "conf_threshold": 0.4,
    "iou_threshold": 0.5,
    "num_images": 548
  },
  "metrics": {
    "mAP50-95": 0.21718195369723534,
    "mAP50": 0.4770165077662212,
    "mAP75": 0.15785154845416682,
    "mAPs": 0.19532224322897004,
    "mAPm": 0.3840381268827368,
    "mAPl": 0.49298113584650394,
    "AR@1": 0.02238528169518219,
    "AR@10": 0.1545064070441692,
    "AR@100": 0.2703343116901711,
    "ARs": 0.24623899167811264,
    "ARm": 0.45895140664961637,
    "ARl": 0.5571428571428572,
    "mAP50s": 0.4770165077662212,
    "mAP50m": 0.7137470555343243,
    "mAP50l": 0.7524752475247525,
    "fps": 9.725049749476831,
    "avg_inference_time_ms": 102.82723747030661
  }
}