{
  "config": {
    "model": "v8_trained.pt",
    "split": "val",
    "use_sahi": true,
    "slice_size": 448,
    "overlap_ratio": 0.1,
    "imgsz": 640,
    "conf_threshold": 0.4,
    "iou_threshold": 0.5,
    "num_images": 548
  },
  "metrics": {
    "mAP50-95": 0.22494617712046305,
    "mAP50": 0.5140478915883602,
    "mAP75": 0.15599699877912157,
    "mAPs": 0.20783640950858595,
    "mAPm": 0.3435251285647576,
    "mAPl": 0.5011495078079237,
    "AR@1": 0.022328012026630394,
    "AR@10": 0.15530102369532536,
    "AR@100": 0.2932851313623022,
    "ARs": 0.27519592793083947,
    "ARm": 0.43446291560102307,
    "ARl": 0.5642857142857143,
    "mAP50s": 0.5140478915883602,
    "mAP50m": 0.693945946607555,
    "mAP50l": 0.7524752475247525,
    "fps": 6.223323710688332,
    "avg_inference_time_ms": 160.68584031432215
  }
}