{
  "config": {
    "model": "v8_trained.pt",
    "split": "val",
    "use_sahi": true,
    "slice_size": 768,
    "overlap_ratio": 0.4,
    "imgsz": 640,
    "conf_threshold": 0.4,
    "iou_threshold": 0.5,
    "num_images": 548
  },
  "metrics": {
    "mAP50-95": 0.22108973425669035,
    "mAP50": 0.4923475873744018,
    "mAP75": 0.156658291927788,
    "mAPs": 0.19841991529859113,
    "mAPm": 0.38252668696249525,
    "mAPl": 0.47994286195433294,
    "AR@1": 0.022170520438112965,
    "AR@10": 0.15547283270098075,
    "AR@100": 0.27625456367671275,
    "ARs": 0.25278338854326576,
    "ARm": 0.4599104859335038,
    "ARl": 0.5642857142857143,
    "mAP50s": 0.4923475873744018,
    "mAP50m": 0.7234452397895791,
    "mAP50l": 0.7821782178217822,
    "fps": 8.640763225480454,
    "avg_inference_time_ms": 115.73051753705435
  }
}