{
  "config": {
    "model": "v8_trained.pt",
    "split": "val",
    "use_sahi": true,
    "slice_size": 640,
    "overlap_ratio": 0.3,
    "imgsz": 640,
    "conf_threshold": 0.4,
    "iou_threshold": 0.5,
    "num_images": 548
  },
  "metrics": {
    "mAP50-95": 0.2182018561933003,
    "mAP50": 0.4901921556784631,
    "mAP75": 0.15468249244356666,
    "mAPs": 0.198377590915209,
    "mAPm": 0.3647320237890248,
    "mAPl": 0.4770950060171488,
    "AR@1": 0.022034504975302453,
    "AR@10": 0.15530818240389432,
    "AR@100": 0.27553869281981525,
    "ARs": 0.25400339339096706,
    "ARm": 0.4437340153452685,
    "ARl": 0.5571428571428572,
    "mAP50s": 0.4901921556784631,
    "mAP50m": 0.7026981529478498,
    "mAP50l": 0.7524752475247525,
    "fps": 6.837154632388532,
    "avg_inference_time_ms": 146.25967288539357
  }
}
