{
  "config": {
    "model": "v8_trained.pt",
    "split": "val",
    "use_sahi": true,
    "slice_size": 768,
    "overlap_ratio": 0.3,
    "imgsz": 640,
    "conf_threshold": 0.4,
    "iou_threshold": 0.5,
    "num_images": 548
  },
  "metrics": {
    "mAP50-95": 0.2206310677873107,
    "mAP50": 0.4917438095033731,
    "mAP75": 0.15649319141080087,
    "mAPs": 0.1982834363171427,
    "mAPm": 0.38157018574668256,
    "mAPl": 0.4631544466101707,
    "AR@1": 0.0220774572267163,
    "AR@10": 0.15498604051829049,
    "AR@100": 0.2768129429450927,
    "ARs": 0.25324392017451725,
    "ARm": 0.46131713554987225,
    "ARl": 0.55,
    "mAP50s": 0.4917438095033731,
    "mAP50m": 0.7204262235265226,
    "mAP50l": 0.7821782178217822,
    "fps": 8.79518544500764,
    "avg_inference_time_ms": 113.6985690924373
  }
}
