{
  "config": {
    "model": "v8_trained.pt",
    "split": "val",
    "use_sahi": true,
    "slice_size": 256,
    "overlap_ratio": 0.3,
    "imgsz": 640,
    "conf_threshold": 0.4,
    "iou_threshold": 0.5,
    "num_images": 548
  },
  "metrics": {
    "mAP50-95": 0.18180399906509662,
    "mAP50": 0.4245907090043862,
    "mAP75": 0.1212110217957267,
    "mAPs": 0.16068807992005757,
    "mAPm": 0.34279552641645183,
    "mAPl": 0.4940515743303654,
    "AR@1": 0.020910587729973514,
    "AR@10": 0.13920108812370247,
    "AR@100": 0.24782017324074737,
    "ARs": 0.22505453664054292,
    "ARm": 0.42468030690537095,
    "ARl": 0.55,
    "mAP50s": 0.4245907090043862,
    "mAP50m": 0.6740193516763869,
    "mAP50l": 0.7128712871287128,
    "fps": 3.2345214786342944,
    "avg_inference_time_ms": 309.16474248370986
  }
}