{
  "config": {
    "model": "v8_trained.pt",
    "split": "val",
    "use_sahi": true,
    "slice_size": 448,
    "overlap_ratio": 0.2,
    "imgsz": 640,
    "conf_threshold": 0.4,
    "iou_threshold": 0.5,
    "num_images": 548
  },
  "metrics": {
    "mAP50-95": 0.22640044590173486,
    "mAP50": 0.5145128519584709,
    "mAP75": 0.15655551563336115,
    "mAPs": 0.20997735652047442,
    "mAPm": 0.34348588335477953,
    "mAPl": 0.49920296425246913,
    "AR@1": 0.02218483785525091,
    "AR@10": 0.15552294366096356,
    "AR@100": 0.294172811224855,
    "ARs": 0.27635937626242224,
    "ARm": 0.43324808184143226,
    "ARl": 0.5571428571428572,
    "mAP50s": 0.5145128519584709,
    "mAP50m": 0.6944442152945502,
    "mAP50l": 0.7524752475247525,
    "fps": 6.0537191949046845,
    "avg_inference_time_ms": 165.18770821773225
  }
}