{
  "config": {
    "model": "v8_trained.pt",
    "split": "val",
    "use_sahi": true,
    "slice_size": 320,
    "overlap_ratio": 0.2,
    "imgsz": 640,
    "conf_threshold": 0.4,
    "iou_threshold": 0.5,
    "num_images": 548
  },
  "metrics": {
    "mAP50-95": 0.20432177375155514,
    "mAP50": 0.47682209080379634,
    "mAP75": 0.13557521138265402,
    "mAPs": 0.184642099379403,
    "mAPm": 0.34342302273515624,
    "mAPl": 0.49373189950574,
    "AR@1": 0.021282840575560166,
    "AR@10": 0.14754814231512636,
    "AR@100": 0.2730259861121054,
    "ARs": 0.2530096146077402,
    "ARm": 0.42858056265984645,
    "ARl": 0.5535714285714286,
    "mAP50s": 0.47682209080379634,
    "mAP50m": 0.6733421453561004,
    "mAP50l": 0.7128712871287128,
    "fps": 4.72626405366472,
    "avg_inference_time_ms": 211.58360782330922
  }
}