{
  "config": {
    "model": "v8_trained.pt",
    "split": "val",
    "use_sahi": true,
    "slice_size": 448,
    "overlap_ratio": 0.4,
    "imgsz": 640,
    "conf_threshold": 0.4,
    "iou_threshold": 0.5,
    "num_images": 548
  },
  "metrics": {
    "mAP50-95": 0.2267025663976105,
    "mAP50": 0.5195217645547007,
    "mAP75": 0.15689545484640596,
    "mAPs": 0.21149618042423768,
    "mAPm": 0.3381771856970295,
    "mAPl": 0.5002247101674736,
    "AR@1": 0.02206313980957835,
    "AR@10": 0.1556303242894982,
    "AR@100": 0.2966926766411339,
    "ARs": 0.27928415609598445,
    "ARm": 0.43254475703324813,
    "ARl": 0.5714285714285714,
    "mAP50s": 0.5195217645547007,
    "mAP50m": 0.6847856643423827,
    "mAP50l": 0.7821782178217822,
    "fps": 4.1564577907490685,
    "avg_inference_time_ms": 240.58947554469978
  }
}
