{
  "config": {
    "model": "v8_trained.pt",
    "split": "val",
    "use_sahi": true,
    "slice_size": 320,
    "overlap_ratio": 0.4,
    "imgsz": 640,
    "conf_threshold": 0.4,
    "iou_threshold": 0.5,
    "num_images": 548
  },
  "metrics": {
    "mAP50-95": 0.2032130155016742,
    "mAP50": 0.4739554925254449,
    "mAP75": 0.137040696939123,
    "mAPs": 0.18559719783099496,
    "mAPm": 0.3334973085695327,
    "mAPl": 0.4929303907834392,
    "AR@1": 0.020924905147111462,
    "AR@10": 0.14601617868136588,
    "AR@100": 0.27513064643138374,
    "ARs": 0.25567585036761736,
    "ARm": 0.4260230179028133,
    "ARl": 0.55,
    "mAP50s": 0.4739554925254449,
    "mAP50m": 0.6746767681605601,
    "mAP50l": 0.7128712871287128,
    "fps": 3.0476384320642733,
    "avg_inference_time_ms": 328.12291296729205
  }
}
