{
  "config": {
    "model": "v8_trained.pt",
    "split": "val",
    "use_sahi": true,
    "slice_size": 320,
    "overlap_ratio": 0.3,
    "imgsz": 640,
    "conf_threshold": 0.4,
    "iou_threshold": 0.5,
    "num_images": 548
  },
  "metrics": {
    "mAP50-95": 0.2035382379733447,
    "mAP50": 0.47567684903696705,
    "mAP75": 0.13379469296431787,
    "mAPs": 0.18495945363356522,
    "mAPm": 0.3400032493020473,
    "mAPl": 0.49373189950574,
    "AR@1": 0.021046603192784022,
    "AR@10": 0.14646001861264227,
    "AR@100": 0.2729472403178466,
    "ARs": 0.25311464813767465,
    "ARm": 0.4273657289002558,
    "ARl": 0.5535714285714286,
    "mAP50s": 0.47567684903696705,
    "mAP50m": 0.6718458703927334,
    "mAP50l": 0.7128712871287128,
    "fps": 4.398955818830277,
    "avg_inference_time_ms": 227.32667505306048
  }
}
