{
  "config": {
    "model": "v8_trained.pt",
    "split": "val",
    "use_sahi": true,
    "slice_size": 384,
    "overlap_ratio": 0.3,
    "imgsz": 640,
    "conf_threshold": 0.4,
    "iou_threshold": 0.5,
    "num_images": 548
  },
  "metrics": {
    "mAP50-95": 0.2160782625420819,
    "mAP50": 0.4940984174289727,
    "mAP75": 0.14524321988076352,
    "mAPs": 0.19955657448005723,
    "mAPm": 0.3376724733309064,
    "mAPl": 0.49396222589291894,
    "AR@1": 0.021433173455508627,
    "AR@10": 0.15154270169661394,
    "AR@100": 0.2839788102226358,
    "ARs": 0.26527429910317524,
    "ARm": 0.4294757033248081,
    "ARl": 0.5535714285714286,
    "mAP50s": 0.4940984174289727,
    "mAP50m": 0.6821040809893212,
    "mAP50l": 0.7128712871287128,
    "fps": 4.601645810119222,
    "avg_inference_time_ms": 217.31355285992586
  }
}