{
  "config": {
    "model": "v8_trained.pt",
    "split": "val",
    "use_sahi": true,
    "slice_size": 768,
    "overlap_ratio": 0.2,
    "imgsz": 640,
    "conf_threshold": 0.4,
    "iou_threshold": 0.5,
    "num_images": 548
  },
  "metrics": {
    "mAP50-95": 0.2172836389260688,
    "mAP50": 0.4770196189205041,
    "mAP75": 0.1576118871976687,
    "mAPs": 0.19536901167831022,
    "mAPm": 0.3839818871292644,
    "mAPl": 0.47589909179609,
    "AR@1": 0.022442551363733985,
    "AR@10": 0.15457799412985895,
    "AR@100": 0.2702555658959124,
    "ARs": 0.2462470711804153,
    "ARm": 0.4584398976982097,
    "ARl": 0.5392857142857144,
    "mAP50s": 0.4770196189205041,
    "mAP50m": 0.7137359890830944,
    "mAP50l": 0.7524752475247525,
    "fps": 10.42335860457877,
    "avg_inference_time_ms": 95.93836669504208
  }
}
