{
  "config": {
    "model": "v8_trained.pt",
    "split": "val",
    "use_sahi": true,
    "slice_size": 512,
    "overlap_ratio": 0.2,
    "imgsz": 640,
    "conf_threshold": 0.4,
    "iou_threshold": 0.5,
    "num_images": 548
  },
  "metrics": {
    "mAP50-95": 0.22769387728445872,
    "mAP50": 0.516229828062059,
    "mAP75": 0.15930664277518697,
    "mAPs": 0.2114222701974225,
    "mAPm": 0.35106861037911097,
    "mAPl": 0.47532454732502843,
    "AR@1": 0.02202734626673348,
    "AR@10": 0.15718376404896556,
    "AR@100": 0.2959768057842366,
    "ARs": 0.2775470631009129,
    "ARm": 0.4397058823529412,
    "ARl": 0.5535714285714286,
    "mAP50s": 0.516229828062059,
    "mAP50m": 0.7022699472686127,
    "mAP50l": 0.7821782178217822,
    "fps": 5.69634872913239,
    "avg_inference_time_ms": 175.55104990075105
  }
}