{
  "config": {
    "model": "v8_trained.pt",
    "split": "val",
    "use_sahi": true,
    "slice_size": 256,
    "overlap_ratio": 0.4,
    "imgsz": 640,
    "conf_threshold": 0.4,
    "iou_threshold": 0.5,
    "num_images": 548
  },
  "metrics": {
    "mAP50-95": 0.17954218486939957,
    "mAP50": 0.4212084482549803,
    "mAP75": 0.11730958772335484,
    "mAPs": 0.1579449725164178,
    "mAPm": 0.3401869908311957,
    "mAPl": 0.49053765150951184,
    "AR@1": 0.020502541341541985,
    "AR@10": 0.13730403035292432,
    "AR@100": 0.24809936287493736,
    "ARs": 0.22553930677870246,
    "ARm": 0.4236572890025575,
    "ARl": 0.5464285714285714,
    "mAP50s": 0.4212084482549803,
    "mAP50m": 0.6748160517386506,
    "mAP50l": 0.7128712871287128,
    "fps": 2.372029975637988,
    "avg_inference_time_ms": 421.57983257822747
  }
}
